"","url","flower"
"1","https://uswildflowers.com/images/full/dsc_3423.jpg","Aplectrum hyemale"
"2","https://uswildflowers.com/images/full/dsc_6858malaxis.jpg","Malaxis unifolia"
"3","https://uswildflowers.com/images/full/dsc_0566agrimonia.jpg","Agrimonia gryposepala"
"4","https://uswildflowers.com/images/full/dsc_4635agrimony.jpg","Agrimonia parviflora"
"5","https://uswildflowers.com/images/full/dsc_4272medicago.jpg","Medicago lupulina"
"6","https://uswildflowers.com/images/full/dsc_9286nuttallanthus.jpg","Nuttallanthus canadensis"
"7","https://uswildflowers.com/images/full/dsc_8630anemone.jpg","Anemone quinquefolia"
"8","https://uswildflowers.com/images/full/dsc_1471anemone.jpg","Anemone virginiana"
"9","https://uswildflowers.com/images/full/dsc_2048.jpg","Anemone acutiloba"
"10","https://uswildflowers.com/images/full/dsc_1422sagittaria.jpg","Sagittaria latifolia"
"11","https://uswildflowers.com/images/full/dsc_8648.jpg","Symphyotrichum pilosum"
"12","https://uswildflowers.com/images/full/dsc_4064symphyotrichum.jpg","Symphyotrichum novae-angliae"
"13","https://uswildflowers.com/images/full/dsc_0909geum.jpg","Geum canadense"
"14","https://uswildflowers.com/images/full/dsc_3077.jpg","Actaea pachypoda"
"15","https://uswildflowers.com/images/full/dsc_5527geum.jpg","Geum donianum"
"16","https://uswildflowers.com/images/full/dsc_8493penstemon.jpg","Penstemon digitalis"
"17","https://uswildflowers.com/images/full/dsc_8486peritoma.jpg","Peritoma serrulata"
"18","https://uswildflowers.com/images/full/dsc_3290epifagus.jpg","Epifagus virginiana"
"19","https://uswildflowers.com/images/full/dsc_7773.jpg","Bidens aristosa"
"20","https://uswildflowers.com/images/full/dsc_3588bidens.jpg","Bidens pilosa"
"21","https://uswildflowers.com/images/full/dsc_7576.jpg","Campanulastrum americanum"
"22","https://uswildflowers.com/images/full/dsc_0894campanula.jpg","Campanula rotundifolia"
"23","https://uswildflowers.com/images/full/dsc_1280.jpg","Uvularia grandiflora"
"24","https://uswildflowers.com/images/full/dsc3114.jpg","Uvularia sessilifolia"
"25","https://uswildflowers.com/images/full/dsc_5897.jpg","Monarda fistulosa"
"26","https://uswildflowers.com/images/full/dsc_7526.jpg","Monarda didyma"
"27","https://uswildflowers.com/images/full/dsc_2053.jpg","Cardamine concatenata"
"28","https://uswildflowers.com/images/full/dsc_4236-rubus.jpg","Rubus flagellaris"
"29","https://uswildflowers.com/images/full/dsc_6518rubus.jpg","Rubus odoratus"
"30","https://uswildflowers.com/images/full/dsc_1733.jpg","Staphylea trifolia"
"31","https://uswildflowers.com/images/full/dsc_4305gaillardia.jpg","Gaillardia pulchella"
"32","https://uswildflowers.com/images/full/dsc_1125liatris.jpg","Liatris spicata"
"33","https://uswildflowers.com/images/full/dsc_6114dicentra.jpg","Dicentra canadensis"
"34","https://uswildflowers.com/images/full/dsc_1998.jpg","Sanguinaria canadensis"
"35","https://uswildflowers.com/images/full/dsc_4779collinsia.jpg","Collinsia verna"
"36","https://uswildflowers.com/images/full/DSC_2820.jpg","Sisyrinchium angustifolium"
"37","https://uswildflowers.com/images/full/dsc_7180sisyrinchium.jpg","Sisyrinchium mucronatum"
"38","https://uswildflowers.com/images/full/pict5834.jpg","Clintonia borealis"
"39","https://uswildflowers.com/images/full/DSC_1297.JPG","Mertensia virginica"
"40","https://uswildflowers.com/images/full/dsc_1872.jpg","Houstonia caerulea"
"41","https://uswildflowers.com/images/full/dsc_9411.jpg","Orobanche uniflora"
"42","https://uswildflowers.com/images/full/dsc_1552desmanthus.jpg","Desmanthus illinoensis"
"43","https://uswildflowers.com/images/full/dsc_1400sicyos.jpg","Sicyos angulatus"
"44","https://uswildflowers.com/images/full/dsc_5892ranunculus.jpg","Ranunculus abortivus"
"45","https://uswildflowers.com/images/full/dsc_9554cephalanthus.jpg","Cephalanthus occidentalis"
"46","https://uswildflowers.com/images/full/dsc_8271.jpg","Diodia teres"
"47","https://uswildflowers.com/images/full/dsc_6544.jpg","Eschscholzia californica"
"48","https://uswildflowers.com/images/full/dsc_1455-camassia.jpg","Camassia scilloides"
"49","https://uswildflowers.com/images/full/dsc_6761.jpg","Hypochaeris radicata"
"50","https://uswildflowers.com/images/full/dsc_5466.jpg","Silene virginica"
"51","https://uswildflowers.com/images/full/dsc_9937silene.jpg","Silene stellata"
"52","https://uswildflowers.com/images/full/dsc_0308silene.jpg","Silene latifolia"
"53","https://uswildflowers.com/images/full/dsc_0636ceanothus.jpg","Ceanothus americanus"
"54","https://uswildflowers.com/images/full/dsc_6141.jpg","Cichorium intybus"
"55","https://uswildflowers.com/images/full/dsc_6116potentilla.jpg","Potentilla canadensis"
"56","https://uswildflowers.com/images/full/dsc_2538.jpg","Potentilla recta"
"57","https://uswildflowers.com/images/full/dsc_9583potentilla.jpg","Potentilla simplex"
"58","https://uswildflowers.com/images/full/dsc_4902.jpg","Trifolium repens"
"59","https://uswildflowers.com/images/full/dsc_4866.jpg","Trifolium pratense"
"60","https://uswildflowers.com/images/full/dsc_2487-trifolium.jpg","Trifolium incarnatum"
"61","https://uswildflowers.com/images/full/dsc_2877trifolium.jpg","Trifolium campestre"
"62","https://uswildflowers.com/images/full/dsc_6169diphasiastrum.jpg","Diphasiastrum digitatum"
"63","https://uswildflowers.com/images/full/dsc_2349.jpg","Caulophyllum thalictroides"
"64","https://uswildflowers.com/images/full/dsc_1741.jpg","Aquilegia canadensis"
"65","https://uswildflowers.com/images/full/dsc_6009-rudbeckia.jpg","Rudbeckia hirta"
"66","https://uswildflowers.com/images/full/dsc_8804.jpg","Rudbeckia fulgida"
"67","https://uswildflowers.com/images/full/dsc_8161.jpg","Rudbeckia laciniata"
"68","https://uswildflowers.com/images/full/dsc_9788.jpg","Rudbeckia triloba"
"69","https://uswildflowers.com/images/full/dsc_7698eriophorum.jpg","Eriophorum virginicum"
"70","https://uswildflowers.com/images/full/dsc_9745heracleum.jpg","Heracleum maximum"
"71","https://uswildflowers.com/images/full/dsc_6488melampyrum.jpg","Melampyrum lineare"
"72","https://uswildflowers.com/images/full/dsc_4581oxypolis.jpg","Oxypolis rigidior"
"73","https://uswildflowers.com/images/full/dsc_9634.jpg","Verbesina alternifolia"
"74","https://uswildflowers.com/images/full/dsc_4451.jpg","Chrysanthemum leucanthemum"
"75","https://uswildflowers.com/images/full/dsc_4269.jpg","Taraxacum officinale"
"76","https://uswildflowers.com/images/full/dsc_6071.jpg","Commelina communis"
"77","https://uswildflowers.com/images/full/dsc_6221.jpg","Hemerocallis fulva"
"78","https://uswildflowers.com/images/full/dsc_2336.jpg","Lamium amplexicaule"
"79","https://uswildflowers.com/images/full/dsc_1257.jpg","Lamium purpureum"
"80","https://uswildflowers.com/images/full/dsc06277.jpg","Cuscuta gronovii"
"81","https://uswildflowers.com/images/full/dsc_8217cornus.jpg","Cornus sericea"
"82","https://uswildflowers.com/images/full/dsc_0448cornus.jpg","Cornus canadensis"
"83","https://uswildflowers.com/images/full/DSC_0855.JPG","Dicentra cucullaria"
"84","https://uswildflowers.com/images/full/dsc_2756.jpg","Krigia biflora"
"85","https://uswildflowers.com/images/full/dsc_6222-sambucus.jpg","Sambucus nigra%20ssp%20canadensis"
"86","https://uswildflowers.com/images/full/dsc_4914sambucus.jpg","Sambucus racemosa"
"87","https://uswildflowers.com/images/full/dsc_1595eryngium.jpg","Eryngium yuccifolium"
"88","https://uswildflowers.com/images/full/pict1717.jpg","Oenothera biennis"
"89","https://uswildflowers.com/images/full/dsc_8973calypso.jpg","Calypso bulbosa"
"90","https://uswildflowers.com/images/full/dsc_1232.jpg","Agalinis tenuifolia"
"91","https://uswildflowers.com/images/full/dsc_8609amorpha.jpg","Amorpha fruticosa"
"92","https://uswildflowers.com/images/full/dsc_1975fallopia.jpg","Fallopia japonica"
"93","https://uswildflowers.com/images/full/dsc_0593.jpg","Erythronium americanum"
"94","https://uswildflowers.com/images/full/dsc03001.jpg","Osmunda cinnamomea"
"95","https://uswildflowers.com/images/full/dsc_6843parthenium.jpg","Parthenium integrifolium"
"96","https://uswildflowers.com/images/full/dsc02715.jpg","Chamerion angustifolium"
"97","https://uswildflowers.com/images/full/dsc_2611cyperus.jpg","Cyperus strigosus"
"98","https://uswildflowers.com/images/full/dsc_3660-erigeron.jpg","Erigeron annuus"
"99","https://uswildflowers.com/images/full/dsc_4074.jpg","Erigeron philadelphicus"
"100","https://uswildflowers.com/images/full/dsc_3611.jpg","Erigeron strigosus"
"101","https://uswildflowers.com/images/full/dsc_4045.jpg","Erigeron pulchellus"
"102","https://uswildflowers.com/images/full/dsc_1462isanthus.jpg","Isanthus brachiatus"
"103","https://uswildflowers.com/images/full/DSC_1448.JPG","Tiarella cordifolia%20"
"104","https://uswildflowers.com/images/full/dsc_9547.jpg","Phyla lanceolata"
"105","https://uswildflowers.com/images/full/dsc_0399platanthera.jpg","Platanthera psycodes"
"106","https://uswildflowers.com/images/full/dsc_7634platanthera.jpg","Platanthera clavellata"
"107","https://uswildflowers.com/images/full/dsc_9975corydalis.jpg","Corydalis flavula"
"108","https://uswildflowers.com/images/full/DSC_1674.JPG","Geranium maculatum"
"109","https://uswildflowers.com/images/full/dsc_7082geranium.jpg","Geranium carolinianum"
"110","https://uswildflowers.com/images/full/dsc_0585teucrium.jpg","Teucrium canadense"
"111","https://uswildflowers.com/images/full/dsc_2866panax.jpg","Panax trifolius"
"112","https://uswildflowers.com/images/full/dsc_1619.jpg","Glechoma hederacea"
"113","https://uswildflowers.com/images/full/dsc_4255.jpg","Tragopogon dubius"
"114","https://uswildflowers.com/images/full/dsc_0489aruncus.jpg","Aruncus dioicus"
"115","https://uswildflowers.com/images/full/dsc_8783.jpg","Solidago flexicaulis"
"116","https://uswildflowers.com/images/full/dsc_9550.jpg","Solidago altissima"
"117","https://uswildflowers.com/images/full/dsc_2355.jpg","Hydrastis canadensis"
"118","https://uswildflowers.com/images/full/dsc_3702calopogon.jpg","Calopogon tuberosus"
"119","https://uswildflowers.com/images/full/dsc_2463hybanthus.jpg","Hybanthus concolor"
"120","https://uswildflowers.com/images/full/dsc_9634smilax.jpg","Smilax herbacea"
"121","https://uswildflowers.com/images/full/dsc_9079physalis.jpg","Physalis virginiana"
"122","https://uswildflowers.com/images/full/dsc_1647apios.jpg","Apios americana"
"123","https://uswildflowers.com/images/full/dsc_0768grindelia.jpg","Grindelia squarrosa"
"124","https://uswildflowers.com/images/full/dsc_0618hieracium.jpg","Hieracium aurantiacum"
"125","https://uswildflowers.com/images/full/dsc_0684tephrosia.jpg","Tephrosia virginiana"
"126","https://uswildflowers.com/images/full/dsc_8083.jpg","Amphicarpaea bracteata"
"127","https://uswildflowers.com/images/full/dsc_4565.jpg","Lonicera japonica"
"128","https://uswildflowers.com/images/full/dsc_9139.jpg","Equisetum laevigatum"
"129","https://uswildflowers.com/images/full/dsc_3460cynoglossum.jpg","Cynoglossum virginianum"
"130","https://uswildflowers.com/images/full/dsc_4805.jpg","Medeola virginiana"
"131","https://uswildflowers.com/images/full/dsc_9275castilleja.jpg","Castilleja coccinea"
"132","https://uswildflowers.com/images/full/pict5963.jpg","Monotropa uniflora"
"133","https://uswildflowers.com/images/full/dsc_5997-arnoglossum.jpg","Arnoglossum reniforme"
"134","https://uswildflowers.com/images/full/dsc_3040.jpg","Duchesnea indica"
"135","https://uswildflowers.com/images/full/dsc_9347belamcanda.jpg","Iris domestica"
"136","https://uswildflowers.com/images/full/dsc_3626iris.jpg","Iris pseudacorus"
"137","https://uswildflowers.com/images/full/DSC_1660.JPG","Arisaema triphyllum"
"138","https://uswildflowers.com/images/full/dsc_3461arisaema.jpg","Arisaema dracontium"
"139","https://uswildflowers.com/images/full/dsc_1431datura.jpg","Datura stramonium"
"140","https://uswildflowers.com/images/full/dsc_0405eutrochium.jpg","Eutrochium maculatum"
"141","https://uswildflowers.com/images/full/dsc_6719.jpg","Centaurea cyanus"
"142","https://uswildflowers.com/images/full/dsc_3449spiranthes.jpg","Spiranthes lacera"
"143","https://uswildflowers.com/images/full/dsc02871.jpg","Cypripedium acaule"
"144","https://uswildflowers.com/images/full/dsc_9675cypripedium.jpg","Cypripedium parviflorum"
"145","https://uswildflowers.com/images/full/dsc_3475delphinium.jpg","Delphinium carolinianum"
"146","https://uswildflowers.com/images/full/dsc_5851.jpg","Polymnia canadensis"
"147","https://uswildflowers.com/images/full/dsc_8999xclematis.jpg","Clematis occidentalis"
"148","https://uswildflowers.com/images/full/dsc_1636clematis.jpg","Clematis virginiana"
"149","https://uswildflowers.com/images/full/dsc_7347-lespedeza.jpg","Lespedeza cuneata"
"150","https://uswildflowers.com/images/full/dsc_7020.jpg","Lactuca canadensis"
"151","https://uswildflowers.com/images/full/dsc_7946.jpg","Lactuca floridana"
"152","https://uswildflowers.com/images/full/dsc_3529.jpg","Lactuca serriola"
"153","https://uswildflowers.com/images/full/dsc_0736lilium.jpg","Lilium philadelphicum"
"154","https://uswildflowers.com/images/full/dsc_3748physostegia.jpg","Physostegia virginiana"
"155","https://uswildflowers.com/images/full/dsc_8506-lobelia.jpg","Lobelia cardinalis"
"156","https://uswildflowers.com/images/full/dsc_6866.jpg","Lobelia inflata"
"157","https://uswildflowers.com/images/full/dsc_9904lobelia.jpg","Lobelia siphilitica"
"158","https://uswildflowers.com/images/full/dsc_7170.jpg","Lobelia spicata"
"159","https://uswildflowers.com/images/full/dsc_1782lobelia.jpg","Lobelia kalmii"
"160","https://uswildflowers.com/images/full/dsc_1780lythrum.jpg","Lythrum salicaria"
"161","https://uswildflowers.com/images/full/dsc_1728phryma.jpg","Phryma leptostachya"
"162","https://uswildflowers.com/images/full/dsc_1099nelumbo.jpg","Nelumbo lutea"
"163","https://uswildflowers.com/images/full/dsc_1108-pedicularis.jpg","Pedicularis canadensis"
"164","https://uswildflowers.com/images/full/dsc_3338.jpg","Adiantum pedatum"
"165","https://uswildflowers.com/images/full/dsc_1551.jpg","Acer rubrum"
"166","https://uswildflowers.com/images/full/dsc_4097.jpg","Podophyllum peltatum"
"167","https://uswildflowers.com/images/full/dsc_6062maianthemum.jpg","Maianthemum racemosum"
"168","https://uswildflowers.com/images/full/dsc_8868maianthemum.jpg","Maianthemum stellatum"
"169","https://uswildflowers.com/images/full/pict5855.jpg","Anthemis cotula"
"170","https://uswildflowers.com/images/full/dsc_8601matricaria.jpg","Matricaria discoidea"
"171","https://uswildflowers.com/images/full/dsc_3137mazus.jpg","Mazus pumilus"
"172","https://uswildflowers.com/images/full/dsc_4378.jpg","Thaspium barbinode"
"173","https://uswildflowers.com/images/full/dsc_7930thaspium.jpg","Thaspium trifoliatum"
"174","https://uswildflowers.com/images/full/dsc_1152.jpg","Thalictrum thalictroides"
"175","https://uswildflowers.com/images/full/dsc_0416thalictrum.jpg","Thalictrum revolutum"
"176","https://uswildflowers.com/images/full/dsc_0293astragalus.jpg","Astragalus canadensis"
"177","https://uswildflowers.com/images/full/dsc_7442.jpg","Asclepias verticillata"
"178","https://uswildflowers.com/images/full/pict6036.jpg","Asclepias tuberosa"
"179","https://uswildflowers.com/images/full/dsc_6930.jpg","Asclepias syriaca"
"180","https://uswildflowers.com/images/full/dsc_8132asclepias.jpg","Asclepias incarnata"
"181","https://uswildflowers.com/images/full/dsc_4003polygala.jpg","Polygala cruciata"
"182","https://uswildflowers.com/images/full/dsc_2519.jpg","Mitella diphylla"
"183","https://uswildflowers.com/images/full/dsc_5265glandularia.jpg","Glandularia canadensis"
"184","https://uswildflowers.com/images/full/dsc_6648.jpg","Calystegia sepium"
"185","https://uswildflowers.com/images/full/dsc_4693ipomoea.jpg","Ipomoea hederacea"
"186","https://uswildflowers.com/images/full/dsc_7100.jpg","Verbascum thapsus"
"187","https://uswildflowers.com/images/full/dsc_6056.jpg","Verbascum blattaria"
"188","https://uswildflowers.com/images/full/dsc_9745.jpg","Dasistoma macrophylla"
"189","https://uswildflowers.com/images/full/dsc_1055solanum.jpg","Solanum carolinense"
"190","https://uswildflowers.com/images/full/dsc_1462solanum.jpg","Solanum dulcamara"
"191","https://uswildflowers.com/images/full/dsc_9794triphora.jpg","Triphora trianthophoros"
"192","https://uswildflowers.com/images/full/dsc_4827.jpg","Allium canadense"
"193","https://uswildflowers.com/images/full/dsc_1503allium.jpg","Allium stellatum"
"194","https://uswildflowers.com/images/full/dsc_1790allium.jpg","Allium cernuum"
"195","https://uswildflowers.com/images/full/dsc_7232erigenia.jpg","Erigenia bulbosa"
"196","https://uswildflowers.com/images/full/dsc_7304-chamaecrista.jpg","Chamaecrista fasciculata"
"197","https://uswildflowers.com/images/full/dsc_8325.jpg","Chamaecrista nictitans"
"198","https://uswildflowers.com/images/full/dsc_3712-mitchella.jpg","Mitchella repens"
"199","https://uswildflowers.com/images/full/dsc_8545.jpg","Lathyrus latifolius"
"200","https://uswildflowers.com/images/full/dsc_0204anaphalis.jpg","Anaphalis margaritacea"
"201","https://uswildflowers.com/images/full/dsc_0762stylosanthes.jpg","Stylosanthes biflora"
"202","https://uswildflowers.com/images/full/dsc_1094perilla.jpg","Perilla frutescens"
"203","https://uswildflowers.com/images/full/dsc_4538vinca.jpg","Vinca minor"
"204","https://uswildflowers.com/images/full/dsc03034.jpg","Phlox pilosa"
"205","https://uswildflowers.com/images/full/dsc03540.jpg","Phlox paniculata"
"206","https://uswildflowers.com/images/full/dsc_2416.jpg","Phlox divaricata"
"207","https://uswildflowers.com/images/full/dsc_4509.jpg","Phlox glaberrima"
"208","https://uswildflowers.com/images/full/dsc_5194phlox.jpg","Phlox bifida"
"209","https://uswildflowers.com/images/full/dsc_1043pontederia.jpg","Pontederia cordata"
"210","https://uswildflowers.com/images/full/PICT1348.JPG","Clitoria mariana"
"211","https://uswildflowers.com/images/full/dsc_7485-dianthus.jpg","Dianthus armeria"
"212","https://uswildflowers.com/images/full/dsc_6105.jpg","Plantago lanceolata"
"213","https://uswildflowers.com/images/full/dsc_7160plantago.jpg","Plantago virginica"
"214","https://uswildflowers.com/images/full/dsc_5883.jpg","Prunus virginiana"
"215","https://uswildflowers.com/images/full/dsc_4716prunus.jpg","Prunus americana"
"216","https://uswildflowers.com/images/full/dsc_6521.jpg","Carduus nutans"
"217","https://uswildflowers.com/images/full/dsc_6899pogonia.jpg","Pogonia ophioglossoides"
"218","https://uswildflowers.com/images/full/dsc_0617toxicodendron.jpg","Toxicodendron radicans"
"219","https://uswildflowers.com/images/full/dsc_8135toxicodendron.jpg","Toxicodendron rydbergii"
"220","https://uswildflowers.com/images/full/dsc_6127.jpg","Phytolacca americana"
"221","https://uswildflowers.com/images/full/dsc02638.jpg","Nuphar lutea"
"222","https://uswildflowers.com/images/full/dsc_0628ratibida.jpg","Ratibida pinnata"
"223","https://uswildflowers.com/images/full/dsc_4185ratibida.jpg","Ratibida columnifera"
"224","https://uswildflowers.com/images/full/dsc_9594opuntia.jpg","Opuntia humifusa"
"225","https://uswildflowers.com/images/full/dsc_9810ludwigia.jpg","Ludwigia alternifolia"
"226","https://uswildflowers.com/images/full/dsc_7042.jpg","Echinacea purpurea"
"227","https://uswildflowers.com/images/full/dsc_1686.jpg","Antennaria plantaginifolia"
"228","https://uswildflowers.com/images/full/dsc03278.jpg","Daucus carota"
"229","https://uswildflowers.com/images/full/dsc_8545ambrosia.jpg","Ambrosia trifida"
"230","https://uswildflowers.com/images/full/dsc_0493ambrosia.jpg","Ambrosia artemisiifolia"
"231","https://uswildflowers.com/images/full/dsc_9181goodyera.jpg","Goodyera pubescens"
"232","https://uswildflowers.com/images/full/DSC_0946.JPG","Cercis canadensis"
"233","https://uswildflowers.com/images/full/dsc_5204boechera.jpg","Boechera laevigata"
"234","https://uswildflowers.com/images/full/dsc_3015hesperis.jpg","Hesperis matronalis"
"235","https://uswildflowers.com/images/full/dsc_4464.jpg","Rosa multiflora"
"236","https://uswildflowers.com/images/full/dsc_9160.jpg","Rosa woodsii"
"237","https://uswildflowers.com/images/full/dsc_0882rosa.jpg","Rosa palustris"
"238","https://uswildflowers.com/images/full/dsc_8060rosa.jpg","Rosa canina"
"239","https://uswildflowers.com/images/full/dsc_6882rosa.jpg","Rosa setigera"
"240","https://uswildflowers.com/images/full/dsc_6844.jpg","Sabatia angularis"
"241","https://uswildflowers.com/images/full/dsc_1309hibiscus.jpg","Hibiscus moscheutos"
"242","https://uswildflowers.com/images/full/dsc_7965.jpg","Silphium pinnatifidum"
"243","https://uswildflowers.com/images/full/pict2495.jpg","Prunella vulgaris"
"244","https://uswildflowers.com/images/full/dsc_7201.jpg","Senna marilandica"
"245","https://uswildflowers.com/images/full/dsc_9368senna.jpg","Senna obtusifolia"
"246","https://uswildflowers.com/images/full/dsc_1305amelanchier.jpg","Amelanchier laevis"
"247","https://uswildflowers.com/images/full/dsc_4918.jpg","Sherardia arvensis"
"248","https://uswildflowers.com/images/full/dsc_5979dodecatheon.jpg","Dodecatheon meadia"
"249","https://uswildflowers.com/images/full/dsc_5890galearis.jpg","Galearis spectabilis"
"250","https://uswildflowers.com/images/full/dsc_8247dasiphora.jpg","Dasiphora fruticosa"
"251","https://uswildflowers.com/images/full/dsc_5981.jpg","Scutellaria ovata"
"252","https://uswildflowers.com/images/full/dsc_3404scutellaria.jpg","Scutellaria parvula"
"253","https://uswildflowers.com/images/full/pict7824.jpg","Persicaria amphibia"
"254","https://uswildflowers.com/images/full/dsc_0128.jpg","Persicaria virginiana"
"255","https://uswildflowers.com/images/full/dsc_1366persicaria.jpg","Persicaria punctata"
"256","https://uswildflowers.com/images/full/dsc_7166.jpg","Helenium amarum"
"257","https://uswildflowers.com/images/full/dsc_9849helenium.jpg","Helenium flexuosum"
"258","https://uswildflowers.com/images/full/dsc_4381helenium.jpg","Helenium autumnale"
"259","https://uswildflowers.com/images/full/dsc_8512zsymphoricarpos.jpg","Symphoricarpos albus"
"260","https://uswildflowers.com/images/full/dsc_0819gaultheria.jpg","Gaultheria procumbens"
"261","https://uswildflowers.com/images/full/dsc_8902vaccaria.jpg","Vaccaria hispanica"
"262","https://uswildflowers.com/images/full/dsc_0275saponaria.jpg","Saponaria officinalis"
"263","https://uswildflowers.com/images/full/dsc_2501.jpg","Polygonatum biflorum"
"264","https://uswildflowers.com/images/full/dsc_3013.jpg","Veronica persica"
"265","https://uswildflowers.com/images/full/dsc_8510Xveronica.jpg","Veronica anagallis-aquatica"
"266","https://uswildflowers.com/images/full/dsc_1549.jpg","Euonymus atropurpureus"
"267","https://uswildflowers.com/images/full/dsc_0887spiraea.jpg","Spiraea alba"
"268","https://uswildflowers.com/images/full/dsc_7588asplenium.jpg","Asplenium rhizophyllum"
"269","https://uswildflowers.com/images/full/DSC_1231.JPG","Claytonia caroliniana"
"270","https://uswildflowers.com/images/full/dsc_1582.jpg","Claytonia virginica"
"271","https://uswildflowers.com/images/full/dsc_7329.jpg","Euphorbia corollata"
"272","https://uswildflowers.com/images/full/dsc_4551euphorbia.jpg","Euphorbia cyathophora"
"273","https://uswildflowers.com/images/full/dsc_8167euphorbia.jpg","Euphorbia marginata"
"274","https://uswildflowers.com/images/full/dsc02977.jpg","Conopholis americana"
"275","https://uswildflowers.com/images/full/dsc_1477hypericum.jpg","Hypericum punctatum"
"276","https://uswildflowers.com/images/full/dsc_3938hypericum.jpg","Hypericum gentianoides"
"277","https://uswildflowers.com/images/full/dsc02946.jpg","Hypoxis hirsuta"
"278","https://uswildflowers.com/images/full/dsc_0577.jpg","Stellaria media"
"279","https://uswildflowers.com/images/full/dsc_3398mononeuria.jpg","Mononeuria patula"
"280","https://uswildflowers.com/images/full/dsc_9060lithospermum.jpg","Lithospermum canescens"
"281","https://uswildflowers.com/images/full/dsc_5676erodium.jpg","Erodium cicutarium"
"282","https://uswildflowers.com/images/full/dsc_0811.jpg","Fragaria virginiana"
"283","https://uswildflowers.com/images/full/dsc_1344rhus.jpg","Rhus copallinum"
"284","https://uswildflowers.com/images/full/dsc_5277rhus.jpg","Rhus aromatica"
"285","https://uswildflowers.com/images/full/dsc_7798rhus.jpg","Rhus glabra"
"286","https://uswildflowers.com/images/full/dsc_1079helianthus.jpg","Helianthus decapetalus"
"287","https://uswildflowers.com/images/full/dsc_1533helianthus.jpg","Helianthus tuberosus"
"288","https://uswildflowers.com/images/full/dsc_8197helianthus.jpg","Helianthus annuus"
"289","https://uswildflowers.com/images/full/dsc_7823melilotus.jpg","Melilotus officinalis"
"290","https://uswildflowers.com/images/full/dsc_0575melilotus.jpg","Melilotus albus"
"291","https://uswildflowers.com/images/full/dsc_4134.jpg","Osmorhiza longistylis"
"292","https://uswildflowers.com/images/full/dsc_0262tanacetum.jpg","Tanacetum vulgare"
"293","https://uswildflowers.com/images/full/pict1711.jpg","Cirsium vulgare"
"294","https://uswildflowers.com/images/full/dsc_9877eupatorium.jpg","Eupatorium serotinum"
"295","https://uswildflowers.com/images/full/dsc_1772eupatorium.jpg","Eupatorium perfoliatum"
"296","https://uswildflowers.com/images/full/dsc_3557.jpg","Coreopsis lanceolata"
"297","https://uswildflowers.com/images/full/dsc_8191.jpg","Coreopsis tripteris"
"298","https://uswildflowers.com/images/full/dsc_9098desmodium.jpg","Desmodium nudiflorum"
"299","https://uswildflowers.com/images/full/dsc_8198linaria.jpg","Linaria dalmatica"
"300","https://uswildflowers.com/images/full/dsc_3353linaria.jpg","Linaria vulgaris"
"301","https://uswildflowers.com/images/full/dsc_8102.jpg","Impatiens capensis"
"302","https://uswildflowers.com/images/full/dsc_7478.jpg","Impatiens pallida"
"303","https://uswildflowers.com/images/full/dsc_8766epigaea.jpg","Epigaea repens"
"304","https://uswildflowers.com/images/full/dsc_0287lotus.jpg","Lotus corniculatus"
"305","https://uswildflowers.com/images/full/dsc_3070-trillium.jpg","Trillium flexipes"
"306","https://uswildflowers.com/images/full/dsc_3273.jpg","Trillium grandiflorum"
"307","https://uswildflowers.com/images/full/dsc00042.jpg","Campsis radicans"
"308","https://uswildflowers.com/images/full/dsc_9405collomia.jpg","Collomia linearis"
"309","https://uswildflowers.com/images/full/dsc_1372.jpg","Jeffersonia diphylla"
"310","https://uswildflowers.com/images/full/dsc_5913.jpg","Triodanis perfoliata"
"311","https://uswildflowers.com/images/full/dsc_9371verbena.jpg","Verbena simplex"
"312","https://uswildflowers.com/images/full/dsc_9829verbena.jpg","Verbena urticifolia"
"313","https://uswildflowers.com/images/full/dsc_0015coronilla.jpg","Coronilla varia"
"314","https://uswildflowers.com/images/full/dsc_6346vicia.jpg","Vicia caroliniana"
"315","https://uswildflowers.com/images/full/dsc03025.jpg","Viburnum acerifolium"
"316","https://uswildflowers.com/images/full/dsc_2558-viola.jpg","Viola sororia"
"317","https://uswildflowers.com/images/full/dsc02914.jpg","Viola canadensis"
"318","https://uswildflowers.com/images/full/PICT9889.JPG","Viola blanda"
"319","https://uswildflowers.com/images/full/PICT9902.JPG","Viola pedata"
"320","https://uswildflowers.com/images/full/dsc_2954-viola.jpg","Viola rostrata"
"321","https://uswildflowers.com/images/full/dsc_3340.jpg","Viola palmata"
"322","https://uswildflowers.com/images/full/dsc_6808viola.jpg","Viola lanceolata"
"323","https://uswildflowers.com/images/full/dsc_4267xechium.jpg","Echium vulgare"
"324","https://uswildflowers.com/images/full/dsc_7714lycopus.jpg","Lycopus uniflorus"
"325","https://uswildflowers.com/images/full/dsc_2476.jpg","Hydrophyllum canadense"
"326","https://uswildflowers.com/images/full/pict7717.jpg","Nymphaea odorata"
"327","https://uswildflowers.com/images/full/dsc_6022asarum.jpg","Asarum canadense"
"328","https://uswildflowers.com/images/full/dsc_4143pyrola.jpg","Pyrola americana"
"329","https://uswildflowers.com/images/full/dsc_4510hamamelis.jpg","Hamamelis virginiana"
"330","https://uswildflowers.com/images/full/pict5841.jpg","Oxalis montana"
"331","https://uswildflowers.com/images/full/dsc_9309oxalis.jpg","Oxalis violacea"
"332","https://uswildflowers.com/images/full/dsc_9551oxalis.jpg","Oxalis dillenii"
"333","https://uswildflowers.com/images/full/dsc_8181dioscorea.jpg","Dioscorea villosa"
"334","https://uswildflowers.com/images/full/dsc03357.jpg","Achillea millefolium"
"335","https://uswildflowers.com/images/full/dsc03366.jpg","Lysimachia quadrifolia"
